"Column_Name","Variable_Label"
"StartDate","Start Date"
"EndDate","End Date"
"Status","Response Type"
"IPAddress","IP Address"
"Progress","Progress"
"Duration__in_seconds_","Duration (in seconds)"
"Finished","Finished"
"RecordedDate","Recorded Date"
"ResponseId","Response ID"
"ExternalReference","External Data Reference"
"LocationLatitude","Location Latitude"
"LocationLongitude","Location Longitude"
"DistributionChannel","Distribution Channel"
"UserLanguage","User Language"
"RelevantID_First_Click","Timing - First Click"
"RelevantID_Last_Click","Timing - Last Click"
"RelevantID_Page_Submit","Timing - Page Submit"
"RelevantID_Click_Count","Timing - Click Count"
"Q2","¿Qué edad tiene?"
"Region","¿A qué comunidad autónoma pertenece?"
"Q3","¿Con qué género se identifica?"
"Q4","¿Cuál es su etnia?"
"Q5","¿Cuál es el mayor nivel de estudios alcanzado?"
"Q6","¿Cuál es su ingreso mensual?"
"Q8_1","[NEWS CONSUMPTION] ¿Con qué frecuencia durante el último mes se ha informado usando los siguientes medios? - PRENSA ESCRITA/PERIÓDICO EN PAPEL (Ej. El Mundo, El País, etc.)"
"Q8_2","[NEWS CONSUMPTION] ¿Con qué frecuencia durante el último mes se ha informado usando los siguientes medios? - RADIO"
"Q8_3","[NEWS CONSUMPTION] ¿Con qué frecuencia durante el último mes se ha informado usando los siguientes medios? - TV ABIERTA (Ej. Telecinco, Antena 3, La Sexta, TVE, etc.)"
"Q8_4","[NEWS CONSUMPTION] ¿Con qué frecuencia durante el último mes se ha informado usando los siguientes medios? - PRENSA TRADICIONAL ONLINE (Ej. El Mundo online, La Vanguardia Online, etc.)"
"Q8_5","[NEWS CONSUMPTION] ¿Con qué frecuencia durante el último mes se ha informado usando los siguientes medios? - PRENSA ONLINE (Ej. El Confidencial, Eldiario.es, etc.)"
"Q8_6","[NEWS CONSUMPTION] ¿Con qué frecuencia durante el último mes se ha informado usando los siguientes medios? - MEDIOS ONLINE ALTERNATIVOS (Ej. blogs, sitios de periodismo ciudadano, etc.)"
"Q143_1","[NEWS AVOIDANCE] ¿Con qué frecuencia durante el último mes ha realizado las siguientes acciones? - Evitar activamente las noticias"
"Q143_2","[NEWS AVOIDANCE] ¿Con qué frecuencia durante el último mes ha realizado las siguientes acciones? - Evitar intencionadamente las noticias"
"Q10_1","[PARTISAN SELECTIVE EXPOSURE] ¿Hasta qué punto está de acuerdo con las siguientes afirmaciones? - ""En lo posible, evito exponerme a medios que presentan opiniones irritantes"""
"Q10_2","[PARTISAN SELECTIVE EXPOSURE] ¿Hasta qué punto está de acuerdo con las siguientes afirmaciones? - ""Intento exponerme sólo a medios cuyos mensajes están alineados con mis actitudes"""
"Q10_3","[PARTISAN SELECTIVE EXPOSURE] ¿Hasta qué punto está de acuerdo con las siguientes afirmaciones? - ""Intento exponerme de manera pareja a todas las opiniones"""
"Q10_3_RC","[PARTISAN SELECTIVE EXPOSURE] ¿Hasta qué punto está de acuerdo con las siguientes afirmaciones? - ""Intento exponerme de manera pareja a todas las opiniones"" REVERSE CODED"
"Q10_4","[PARTISAN SELECTIVE EXPOSURE] ¿Hasta qué punto está de acuerdo con las siguientes afirmaciones? - ""No encuentro ninguna utilidad en leer artículos de opinión que expresan visiones distintas a las mías"""
"Q10_5","[PARTISAN SELECTIVE EXPOSURE] ¿Hasta qué punto está de acuerdo con las siguientes afirmaciones? - ""Si tengo que elegir entre dos artículos de opinión, elijo el más cercano a mi manera de pensar"""
"Q144_1","[NEWS NEGATIVITY] ¿Hasta qué punto está de acuerdo con las siguientes afirmaciones? - ""La mayoría de noticias  tiene un tono negativo"""
"Q144_2","[NEWS NEGATIVITY] ¿Hasta qué punto está de acuerdo con las siguientes afirmaciones? - ""La mayoría de noticias  ofrece un punto de vista pesimista"""
"Q11_1","[MEDIA TRUST] ¿Hasta qué punto está de acuerdo con las siguientes afirmaciones? - ""Confío en los medios de comunicación"""
"Q11_2","(R)[MEDIA TRUST)] ¿Hasta qué punto está de acuerdo con las siguientes afirmaciones? - ""La mayoría de los medios de comunicación están sesgados por una ideología contraria a la mía"""
"Q11_2_RC","""La mayoría de los medios de comunicación están sesgados por una ideología contraria a la mía"""" REVERSE CODED"
"Q132","[ONLINE NEWSPAPER SUBSCRIPTION] ¿Está suscrito a un periódico digital?"
"Q134_1","[PAYING INTENT] ¿Hasta qué punto está de acuerdo con las siguientes afirmaciones? - ""Pagaré por contenido informativo cuando se convierta en un servicio de pago"""
"Q134_2","[PAYING INTENT] ¿Hasta qué punto está de acuerdo con las siguientes afirmaciones? - ""Es probable que pague por contenido informativo cuando se convierta en un servicio de pago"""
"Q134_3","[PAYING INTENT] ¿Hasta qué punto está de acuerdo con las siguientes afirmaciones? - ""Pienso pagar por contenido informativo cuando se convierta en un servicio de pago"""
"Q128_1","[CULTURE OF FREE] ¿Hasta qué punto está de acuerdo con las siguientes afirmaciones? - ""Las noticias digitales, como bien de servicio público, deben ser gratuitas"""
"Q128_2","[CULTURE OF FREE] ¿Hasta qué punto está de acuerdo con las siguientes afirmaciones? - ""Los periódicos digitales deben financiarse con publicidad"""
"Q128_3","[CULTURE OF FREE] ¿Hasta qué punto está de acuerdo con las siguientes afirmaciones? - ""Mi consumo de noticias digitales ha sido habitualmente gratuito"""
"Q128_4","[CULTURE OF FREE] ¿Hasta qué punto está de acuerdo con las siguientes afirmaciones? - ""La información en internet debería ser gratis"""
"Q129_1","[NUDGE TO PAY] ¿Hasta qué punto está de acuerdo con las siguientes afirmaciones? - ""Sé que, en un futuro cercano, tendré que pagar si quiero acceder a información de calidad en internet"""
"Q129_2","[NUDGE TO PAY] ¿Hasta qué punto está de acuerdo con las siguientes afirmaciones? - ""Los periódicos se han puesto de acuerdo y harán que todos paguemos por noticias online"""
"Q129_3","(R)[NUDGE TO PAY] ¿Hasta qué punto está de acuerdo con las siguientes afirmaciones? - ""Siempre podré seguir encontrando información de calidad gratuita en internet"""
"Q129_3_RC","""[NUDGE TO PAY] ¿Hasta qué punto está de acuerdo con las siguientes afirmaciones? - ""Siempre podré seguir encontrando información de calidad gratuita en internet"""" REVERSE CODED"
"Q129_4","[NUDGE TO PAY] ¿Hasta qué punto está de acuerdo con las siguientes afirmaciones? - ""La información de calidad ya casi no está disponible de manera gratuita"""
"Q145_1","[PAY FOR NEWS INJUSTICE] ¿Hasta qué punto está de acuerdo con las siguientes afirmaciones? - ""Es injusto pagar por noticias digitales"""
"Q145_2","[PAY FOR NEWS INJUSTICE] ¿Hasta qué punto está de acuerdo con las siguientes afirmaciones? - ""Pagar para mantenerse informado genera desigualdades sociales"""
"Q12_1","(R)[NEED FOR COGNITION] ¿Hasta qué punto está de acuerdo con las siguientes afirmaciones? - ""No me gusta tener que pensar mucho"""
"Q12_1_RC","""[NEED FOR COGNITION] ¿Hasta qué punto está de acuerdo con las siguientes afirmaciones? - ""No me gusta tener que pensar mucho"""" REVERSE CODED"
"Q12_2","(R)[NEED FOR COGNITION] ¿Hasta qué punto está de acuerdo con las siguientes afirmaciones? - "" Intento evitar las situaciones que requieren pensar en profundidad sobre algo"""
"Q12_2_RC","""[NEED FOR COGNITION] ¿Hasta qué punto está de acuerdo con las siguientes afirmaciones? - "" Intento evitar las situaciones que requieren pensar en profundidad sobre algo"""" REVERSE CODED"
"Q12_3","[NEED FOR COGNITION] ¿Hasta qué punto está de acuerdo con las siguientes afirmaciones? - ""Prefiero hacer algo que suponga un reto para mi capacidad mental antes que algo que requiera pensar poco"""
"Q12_4","[NEED FOR COGNITION] ¿Hasta qué punto está de acuerdo con las siguientes afirmaciones? - ""Prefiero los problemas complejos a los simples"""
"Q12_5","(R)[NEED FOR COGNITION] ¿Hasta qué punto está de acuerdo con las siguientes afirmaciones? - ""Pensar mucho y durante mucho tiempo me produce poca satisfacción"""
"Q12_5_RC","""[NEED FOR COGNITION] ¿Hasta qué punto está de acuerdo con las siguientes afirmaciones? - ""Pensar mucho y durante mucho tiempo me produce poca satisfacción"""" REVERSE CODED"
"Q13_1","[MEDIA LOCUS OF CONTROL] ¿Hasta qué punto está de acuerdo con las siguientes afirmaciones? - ""Si los medios de comunicación me informan mal, depende de mí la rapidez con la que me entere de información fiable"""
"Q13_2","[MEDIA LOCUS OF CONTROL] ¿Hasta qué punto está de acuerdo con las siguientes afirmaciones? - ""Tengo el control de la información que recibo de los medios de comunicación"""
"Q13_3","[MEDIA LOCUS OF CONTROL] ¿Hasta qué punto está de acuerdo con las siguientes afirmaciones? - ""Cuando los medios de comunicación me informan mal, la culpa es mía"""
"Q13_4","[MEDIA LOCUS OF CONTROL] ¿Hasta qué punto está de acuerdo con las siguientes afirmaciones? - ""Mis propias acciones son lo que principalmente hace que cambie mi conocimiento sobre el mundo"""
"Q13_5","[MEDIA LOCUS OF CONTROL] ¿Hasta qué punto está de acuerdo con las siguientes afirmaciones? - ""Si presto atención a diferentes fuentes de noticias, puedo evitar estar mal informado/a"""
"Q13_6","[MEDIA LOCUS OF CONTROL] ¿Hasta qué punto está de acuerdo con las siguientes afirmaciones? - ""Si tomo las medidas adecuadas, puedo estar bien informado/a"""
"Q15","[MEDIA KNOWLEDGE] La mayoría de los medios de comunicación de España son:"
"Q16","[MEDIA KNOWLEDGE] Si quisiera conseguir un trabajo como periodista en España, tendría que obtener una licencia de..."
"Q17","[MEDIA KNOWLEDGE] ¿Cuántas empresas controlan más del 50% de los canales privados operativos en la televisión nacional en abierto?"
"Q18","[MEDIA KNOWLEDGE] ¿Cuál de las siguientes cabeceras se considera que tiene un sesgo monárquico?"
"Q19","[MEDIA KNOWLEDGE] ¿Cuál de los siguientes medios de comunicación NO depende de la publicidad para su financiación?"
"Q20","[MEDIA KNOWLEDGE] Cuando se trata de informar sobre noticias, la principal diferencia entre un sitio web como Google News y un sitio web como ElPaís.es es que:"
"Q21","[MEDIA KNOWLEDGE] ¿Quién tiene más influencia en lo que se emite en las noticias de la televisión?"
"Q15_puntaje","[MEDIA KNOWLEDGE] La mayoría de los medios de comunicación de España son: Puntaje"
"Q16_puntaje","[MEDIA KNOWLEDGE] Si quisiera conseguir un trabajo como periodista en España, tendría que obtener una licencia de...  Puntaje"
"Q17_puntaje","[MEDIA KNOWLEDGE] ¿Cuántas empresas controlan más del 50% de los canales privados operativos en la televisión nacional en abierto?  Puntaje"
"Q18_puntaje","[MEDIA KNOWLEDGE] ¿Cuál de las siguientes cabeceras se considera que tiene un sesgo monárquico? Puntaje"
"Q19_puntaje","[MEDIA KNOWLEDGE] ¿Cuál de los siguientes medios de comunicación NO depende de la publicidad para su financiación?   Puntaje"
"Q20_puntaje","[MEDIA KNOWLEDGE] Cuando se trata de informar sobre noticias, la principal diferencia entre un sitio web como Google News y un sitio web como ElPaís.es es que:   Puntaje"
"Q21_puntaje","[MEDIA KNOWLEDGE]  ¿Quién tiene más influencia en lo que se emite en las noticias de la televisión?  Puntaje"
"MEDIA_KNOWLEDGE_PUNTAJE","[MEDIA KNOWLEDGE] Puntaje"
"Q22_1","[CONFIRMATION BIAS] ¿Hasta qué punto está de acuerdo con las siguientes afirmaciones? - ""Sólo me hace falta un poco de información para tomar una buena decisión"""
"Q22_2","[CONFIRMATION BIAS] ¿Hasta qué punto está de acuerdo con las siguientes afirmaciones? - ""Mi primera impresión suele ser correcta"""
"Q22_3","[CONFIRMATION BIAS] ¿Hasta qué punto está de acuerdo con las siguientes afirmaciones? - ""Suelo conocer rápidamente los pormenores de los asuntos"""
"Q22_4","[CONFIRMATION BIAS] ¿Hasta qué punto está de acuerdo con las siguientes afirmaciones? - ""Algunas cosas son simplemente como son, a pesar de lo que algunos digan"""
"Q22_5","[CONFIRMATION BIAS] ¿Hasta qué punto está de acuerdo con las siguientes afirmaciones? - ""A veces, sé cosas antes de que haya prueba real de ellas"""
"Q22_6","[CONFIRMATION BIAS] ¿Hasta qué punto está de acuerdo con las siguientes afirmaciones? - ""Suelo confiar en mi intuición"""
"Q22_7","[CONFIRMATION BIAS] ¿Hasta qué punto está de acuerdo con las siguientes afirmaciones? - ""Quien golpea primero, golpea dos veces"""
"Q22_8","[CONFIRMATION BIAS] ¿Hasta qué punto está de acuerdo con las siguientes afirmaciones? - ""En mi caso, a buen entendedor, pocas palabras bastan"""
"Q22_9","[CONFIRMATION BIAS] ¿Hasta qué punto está de acuerdo con las siguientes afirmaciones? - ""Si mi razonamiento y las pruebas se contradicen, tiendo a dar más peso a mi razonamiento que a las pruebas"""
"Q22_10","[CONFIRMATION BIAS] ¿Hasta qué punto está de acuerdo con las siguientes afirmaciones? - ""Una vez que tengo una idea determinada, es difícil que cambie de opinión"""
"Q23_1","[SOCIAL MEDIA USE] En una escala de 1 a 10, donde 1 es nunca y 10 es varias veces al día: - ¿Con qué frecuencia en el último mes ha usado las redes sociales? (Ej. Facebook, Instagram, WhatsApp, Twitter, etc.)"
"Q24_1","[SOCIAL MEDIA NEWS USE] ¿Con qué frecuencia en el último mes ha usado las redes sociales para realizar las siguientes actividades? - Mantenerse informado sobre temas de actualidad"
"Q24_2","[SOCIAL MEDIA NEWS USE] ¿Con qué frecuencia en el último mes ha usado las redes sociales para realizar las siguientes actividades? - Obtener noticias de actualidad de los principales medios de comunicación"
"Q24_3","[SOCIAL MEDIA NEWS USE] ¿Con qué frecuencia en el último mes ha usado las redes sociales para realizar las siguientes actividades? - Obtener noticias de distintos sitios de noticias online"
"Q25_1","[INE] ¿Con qué frecuencia se ha encontrado en el último mes noticias sin querer buscarlas en las siguientes redes sociales? - Facebook"
"Q25_2","[INE] ¿Con qué frecuencia se ha encontrado en el último mes noticias sin querer buscarlas en las siguientes redes sociales? - Twitter"
"Q25_3","[INE] ¿Con qué frecuencia se ha encontrado en el último mes noticias sin querer buscarlas en las siguientes redes sociales? - Instagram"
"Q25_4","[INE] ¿Con qué frecuencia se ha encontrado en el último mes noticias sin querer buscarlas en las siguientes redes sociales? - Tik Tok"
"Q25_5","[INE] ¿Con qué frecuencia se ha encontrado en el último mes noticias sin querer buscarlas en las siguientes redes sociales? - WhatsApp"
"Q26_1","[POLITICAL IDEOLOGY] Solemos hablar de política en términos de derecha e izquierda: - En general, ¿dónde se ubicaría?"
"Q26_2","[POLITICAL IDEOLOGY] Solemos hablar de política en términos de derecha e izquierda: - En cuanto a los temas económicos, ¿dónde se ubicaría?"
"Q26_3","[POLITICAL IDEOLOGY] Solemos hablar de política en términos de derecha e izquierda: - En cuanto a los temas sociales, ¿dónde se ubicaría?"
"Q175_1","[AFECTIVE POLARIZATION] ¿Cuánto rechazo o apoyo siente en relación a los siguientes partidos y sus postulados? - Unidas Podemos"
"Q175_2","[AFECTIVE POLARIZATION] ¿Cuánto rechazo o apoyo siente en relación a los siguientes partidos y sus postulados? - Vox"
"AFFECTIVE_POLARIZATION","AFFECTIVE_POLARIZATION"
"Q27_1","[FEMINISM IDENTITY] ¿Hasta qué punto está de acuerdo con las siguientes afirmaciones? - ""Me considero feminista"""
"Q27_2","[FEMINISM IDENTITY] ¿Hasta qué punto está de acuerdo con las siguientes afirmaciones? - ""Me identifico como feminista delante de otras personas"""
"Q27_3","[FEMINISM IDENTITY] ¿Hasta qué punto está de acuerdo con las siguientes afirmaciones? - ""Los valores y principios del feminismo son importantes para mí"""
"Q27_4","[FEMINISM IDENTITY] ¿Hasta qué punto está de acuerdo con las siguientes afirmaciones? - ""Apoyo los objetivos del movimiento feminista"""
"Q29_1","[POLITICAL TRUST] Exprese su nivel de confianza hacia: - El Gobierno de España"
"Q29_2","[POLITICAL TRUST] Exprese su nivel de confianza hacia: - El sistema político de España"
"Q29_3","[POLITICAL TRUST] Exprese su nivel de confianza hacia: - El Sistema Judicial de España"
"Q33_1","[POLITICAL INTEREST] En una escala de 1 a 10, donde 1 significa nada y 10 mucho: - ¿Cuánto interés tiene en las cuestiones públicas y políticas?"
"Q33_2","[POLITICAL INTEREST] En una escala de 1 a 10, donde 1 significa nada y 10 mucho: - ¿Cuánta atención le presta a las cuestiones públicas y políticas?"
"Q35","[POLITICAL KNOWLEDGE] ¿Qué país ha sido invadido por Rusia durante el mes de febrero de 2022?"
"Q36","[POLITICAL KNOWLEDGE] ¿Quién es el Presidente de Brasil?"
"Q37","[POLITICAL KNOWLEDGE] Angela Merkel dejó la cancillería de Alemania en 2021, ¿Quién la reemplazó en el cargo?"
"Q38","[POLITICAL KNOWLEDGE] ¿Quién es la Vicepresidenta Primera de Gobierno?"
"Q39","[POLITICAL KNOWLEDGE] ¿Cuál de los siguientes mejor describe el sistema de Gobierno en España?"
"Q40","[POLITICAL KNOWLEDGE] ¿En qué comunidad autónoma han pactado el PP y Vox en marzo de 2022?"
"Q35_puntaje","[POLITICAL KNOWLEDGE] ¿Qué país ha sido invadido por Rusia durante el mes de febrero de 2022? Puntaje"
"Q36_puntaje","[POLITICAL KNOWLEDGE] ¿Quién es el Presidente de Brasil? Puntaje"
"Q37_puntaje","[POLITICAL KNOWLEDGE] Angela Merkel dejó la cancillería de Alemania en 2022, ¿Quién la reemplazo en el cargo?  Puntaje"
"Q38_puntaje","[POLITICAL KNOWLEDGE] ¿Quién es la Vicepresidenta Primera de Gobierno? Puntaje"
"Q39_puntaje","[POLITICAL KNOWLEDGE] ¿Cuál de los siguientes mejor describe el sistema de Gobierno en España? Puntaje"
"Q40_puntaje","[POLITICAL KNOWLEDGE] ¿En qué comunidad autonoma han pactado el PP y Vox en marzo de 2022?  Puntaje"
"POLITICAL_KNOWLEDGE_PUNTAJE","[POLITICAL KNOWLEDGE] Puntaje"
"Q41_1","[INTERNAL POLITICAL EFFICACY] ¿Hasta qué punto está de acuerdo con las siguientes afirmaciones? - ""Tengo una buena comprensión de las cuestiones que enfrenta nuestro país"""
"Q41_2","[INTERNAL POLITICAL EFFICACY] ¿Hasta qué punto está de acuerdo con las siguientes afirmaciones? - ""Me considero cualificado para participar en la vida pública"""
"Q41_3","(R)[EXTERNAL POLITICAL EFFICACY] ¿Hasta qué punto está de acuerdo con las siguientes afirmaciones? - ""La gente como yo no tiene influencia sobre lo que hace el gobierno"""
"Q41_3_RC","""[EXTERNAL POLITICAL EFFICACY] ¿Hasta qué punto está de acuerdo con las siguientes afirmaciones? - ""La gente como yo no tiene influencia sobre lo que hace el gobierno"" REVERSE CODED"
"Q41_4","(R)[EXTERNAL POLITICAL EFFICACY] ¿Hasta qué punto está de acuerdo con las siguientes afirmaciones? - ""No importa a quién vote, las cosas no cambiarán"""
"Q41_4_RC","""[EXTERNAL POLITICAL EFFICACY] ¿Hasta qué punto está de acuerdo con las siguientes afirmaciones? - ""No importa a quién vote, las cosas no cambiarán"""" REVERSE CODED"
"Q44_1","[SOCIAL MEDIA FLOW] ¿Hasta qué punto está de acuerdo con las siguientes afirmaciones? - ""Cuando uso las redes sociales estoy totalmente absorto/a"""
"Q44_2","[SOCIAL MEDIA FLOW] ¿Hasta qué punto está de acuerdo con las siguientes afirmaciones? - ""Cuando uso las redes sociales, estoy inmerso/a en la tarea que estoy realizando"""
"Q44_3","[SOCIAL MEDIA FLOW] ¿Hasta qué punto está de acuerdo con las siguientes afirmaciones? - ""El uso de las redes sociales me divierte mucho"""
"Q44_4","[SOCIAL MEDIA FLOW] ¿Hasta qué punto está de acuerdo con las siguientes afirmaciones? - ""Disfruto usando las redes sociales"""
"Q44_5","[SOCIAL MEDIA FLOW] ¿Hasta qué punto está de acuerdo con las siguientes afirmaciones? - ""El uso de las redes sociales despierta mi imaginación"""
"Q44_6","[SOCIAL MEDIA FLOW] ¿Hasta qué punto está de acuerdo con las siguientes afirmaciones? - ""Las redes sociales despiertan mi curiosidad"""
"Q44_7","[SOCIAL MEDIA FLOW] ¿Hasta qué punto está de acuerdo con las siguientes afirmaciones? - ""El uso de las redes sociales a menudo me hace olvidar dónde estoy y lo que ocurre a mi alrededor"""
"Q44_8","[SOCIAL MEDIA FLOW] ¿Hasta qué punto está de acuerdo con las siguientes afirmaciones? - ""Las redes sociales crean un mundo nuevo para mí, y este mundo desaparece cuando dejo de estar en ellas"""
"Q44_9","[SOCIAL MEDIA FLOW] ¿Hasta qué punto está de acuerdo con las siguientes afirmaciones? - ""Las redes sociales que utilizo generan un mundo para mí más real que el mundo real en sí"""
"Q44_10","[SOCIAL MEDIA FLOW] ¿Hasta qué punto está de acuerdo con las siguientes afirmaciones? - ""El tiempo vuela cuando utilizo las redes sociales"""
"Q44_11","[SOCIAL MEDIA FLOW] ¿Hasta qué punto está de acuerdo con las siguientes afirmaciones? - ""A menudo paso más tiempo del que pensaba en las redes sociales"""
"Q146_1","[LURKING] ¿Hasta qué punto está de acuerdo con las siguientes afirmaciones? - ""No suelo publicar contenido en las redes sociales"""
"Q146_2","[LURKING] ¿Hasta qué punto está de acuerdo con las siguientes afirmaciones? - ""Uso las redes sociales para cotillear lo que hacen los demás"""
"Q146_3","[LURKING] ¿Hasta qué punto está de acuerdo con las siguientes afirmaciones? - ""En las redes sociales prefiero no publicar y leer/ver lo que los demás publican"""
"Q147_1","[EXPOSURE TO SHOW OFF] ¿Con qué frecuencia en el último mes ha visto los siguientes tipos de publicaciones en redes sociales? - Publicaciones en las que sus amigos exhiben sus logros"
"Q147_2","[EXPOSURE TO SHOW OFF] ¿Con qué frecuencia en el último mes ha visto los siguientes tipos de publicaciones en redes sociales? - Publicaciones en las que las personas que conoce presumen de lo que hacen"
"Q147_3","[EXPOSURE TO SHOW OFF] ¿Con qué frecuencia en el último mes ha visto los siguientes tipos de publicaciones en redes sociales? - Publicaciones en las que los perfiles a los que sigue alardean de su vida"
"Q149_1","[POSITIVE BIAS] ¿Hasta qué punto está de acuerdo con las siguientes afirmaciones? - ""En redes sociales subo fotos que solo muestran mi lado feliz"""
"Q149_2","[POSITIVE BIAS] ¿Hasta qué punto está de acuerdo con las siguientes afirmaciones? - ""En redes sociales evito hablar de las cosas malas que me pasan"""
"Q149_3","(R)[POSITIVE BIAS] ¿Hasta qué punto está de acuerdo con las siguientes afirmaciones? - ""En redes sociales revelo libremente las emociones negativas que siento"""
"Q149_3_RC","""[POSITIVE BIAS] ¿Hasta qué punto está de acuerdo con las siguientes afirmaciones? - ""En redes sociales revelo libremente las emociones negativas que siento"""" REVERSE CODED"
"Q149_4","(R)[POSITIVE BIAS] ¿Hasta qué punto está de acuerdo con las siguientes afirmaciones? - ""En redes sociales no me importa escribir sobre cosas malas que me pasan cuando actualizo mi estado"""
"Q149_4_RC","""[POSITIVE BIAS] ¿Hasta qué punto está de acuerdo con las siguientes afirmaciones? - ""En redes sociales no me importa escribir sobre cosas malas que me pasan cuando actualizo mi estado"""" REVERSE CODED"
"Q148_1","[SOCIAL MEDIA ENVY] ¿Hasta qué punto está de acuerdo con las siguientes afirmaciones? - ""Deseo que a las personas en redes sociales que les va mejor que a mi pierdan su ventaja"""
"Q148_2","[SOCIAL MEDIA ENVY] ¿Hasta qué punto está de acuerdo con las siguientes afirmaciones? - ""Si otras personas muestran en redes sociales que tienen algo que yo quiero, deseo quitárselo"""
"Q148_3","[SOCIAL MEDIA ENVY] ¿Hasta qué punto está de acuerdo con las siguientes afirmaciones? - ""A las personas que envidio en redes sociales, deseo que les vaya mal"""
"Q148_4","[SOCIAL MEDIA ENVY] ¿Hasta qué punto está de acuerdo con las siguientes afirmaciones? - ""Los sentimientos de envidia que me despiertan determinadas personas en redes sociales provocan que no me gusten"""
"Q148_5","[SOCIAL MEDIA ENVY] ¿Hasta qué punto está de acuerdo con las siguientes afirmaciones? - ""Los sentimientos de envidia provocan que otros usuarios de redes sociales no me gusten"""
"Q148_6","[SOCIAL MEDIA ENVY] ¿Hasta qué punto está de acuerdo con las siguientes afirmaciones? - ""No me gustan las personas que me generan envida en redes sociales"""
"Q148_7","[SOCIAL MEDIA ENVY] ¿Hasta qué punto está de acuerdo con las siguientes afirmaciones? - ""Ver los logros de otras personas en redes sociales me sienta mal"""
"Q45_1","[COGNITIVE ELABORATION] ¿Hasta qué punto está de acuerdo con las siguientes afirmaciones? - ""Intento dar sentido a lo que encuentro en las redes sociales comparándolo con mis propias experiencias"""
"Q45_2","[COGNITIVE ELABORATION] ¿Hasta qué punto está de acuerdo con las siguientes afirmaciones? - ""Después de obtener información a través de las redes sociales, la uso para organizar mis ideas"""
"Q45_3","[COGNITIVE ELABORATION] ¿Hasta qué punto está de acuerdo con las siguientes afirmaciones? - ""Cuando me entero de noticias mientras estoy en las redes sociales, a menudo las recuerdo más tarde y pienso en ellas"""
"Q47_1","[SOCIAL IDENTIFICATION] ¿Hasta qué punto está de acuerdo con las siguientes afirmaciones? - ""En las redes sociales, pertenezco a una comunidad o comunidades que son parte importante de mi identidad"""
"Q47_2","[SOCIAL IDENTIFICATION] ¿Hasta qué punto está de acuerdo con las siguientes afirmaciones? - ""En las redes sociales, pertenezco a una comunidad o comunidades de las que estoy orgulloso/a"""
"Q47_3","[HOMOPHILY] ¿Hasta qué punto está de acuerdo con las siguientes afirmaciones? - ""En las redes sociales, prefiero interactuar con personas que son como yo"""
"Q47_4","[HOMOPHILY] ¿Hasta qué punto está de acuerdo con las siguientes afirmaciones? - ""En las redes sociales, prefiero interactuar con personas que comparten intereses similares a los míos"""
"Q47_5","[INFORMATIVE BIAS] ¿Hasta qué punto está de acuerdo con las siguientes afirmaciones? - ""En las redes sociales, confío en la información que la gente comparte"""
"Q47_6","[INFORMATIVE BIAS] ¿Hasta qué punto está de acuerdo con las siguientes afirmaciones? - ""En las redes sociales, siento que la gente piensa como yo"""
"Q150_1","[SOCIAL EMPATHY COMPARATIVE VALUE] Exprese su nivel de acuerdo/desacuerdo con las siguientes afirmaciones:  ""Comparadas con otros medios las redes sociales son mejores a la hora de… - ...acercarme a distintas causas sociales"""
"Q150_2","[SOCIAL EMPATHY COMPARATIVE VALUE] Exprese su nivel de acuerdo/desacuerdo con las siguientes afirmaciones:  ""Comparadas con otros medios las redes sociales son mejores a la hora de… - ...darme una idea de cómo es la vida en otras partes del mundo"""
"Q150_3","Exprese su nivel de acuerdo/desacuerdo con las siguientes afirmaciones: 
""Comparadas con otros medios las redes sociales son mejores a la hora de… - ...acercarme a lo que otras personas están experimentando en mi país"""
"Q150_4","[SOCIAL EMPATHY COMPARATIVE VALUE] Exprese su nivel de acuerdo/desacuerdo con las siguientes afirmaciones:  ""Comparadas con otros medios las redes sociales son mejores a la hora de… - ...ayudarme a ser más empático/a"""
"Q48_1","[SOCIAL MEDIA ADDICTION] ¿Con qué frecuencia ha realizado las siguientes actividades? - Sentir la necesidad de utilizar cada vez más las redes sociales"
"Q48_2","[SOCIAL MEDIA ADDICTION] ¿Con qué frecuencia ha realizado las siguientes actividades? - Utilizar las redes sociales para olvidarse de sus problemas personales"
"Q48_3","[SOCIAL MEDIA ADDICTION] ¿Con qué frecuencia ha realizado las siguientes actividades? - Intentar reducir el uso de las redes sociales sin éxito"
"Q48_4","[SOCIAL MEDIA ADDICTION] ¿Con qué frecuencia ha realizado las siguientes actividades? - Sentirse inquieto/a o preocupado/a si se le ha prohibido el uso de las redes sociales"
"Q48_5","[SOCIAL MEDIA ADDICTION] ¿Con qué frecuencia ha realizado las siguientes actividades? - Utilizar tanto las redes sociales que han tenido un impacto negativo en su trabajo/estudios"
"Q48_6","[SOCIAL MEDIA ADDICTION] ¿Con qué frecuencia ha realizado las siguientes actividades? - Pasar mucho tiempo pensando en las redes sociales o en el uso previsto de las mismas"
"Q51_1","[SELF DISCLOSURE] En una escala de 1 a 10, donde 1 significa nunca y 10 varias veces al día, ¿con qué frecuencia du - Hablado de sus sentimientos en redes sociales"
"Q51_2","[SELF DISCLOSURE] En una escala de 1 a 10, donde 1 significa nunca y 10 varias veces al día, ¿con qué frecuencia du - Publicado sobre sus relaciones y su vida privada en redes sociales"
"Q51_3","[SELF DISCLOSURE] En una escala de 1 a 10, donde 1 significa nunca y 10 varias veces al día, ¿con qué frecuencia du - Publicado fotos suyas y de sus amigos en redes sociales"
"Q51_4","[SELF DISCLOSURE] En una escala de 1 a 10, donde 1 significa nunca y 10 varias veces al día, ¿con qué frecuencia du - Expresado sus pensamientos y su verdadero yo en redes sociales"
"Q176_1","[POLARIZATION PAYOFF] ¿Hasta qué punto está de acuerdo con las siguientes afirmaciones? - ""Si quiero ser líder de opinión en redes sociales debo tener una postura política radical"""
"Q176_2","[POLARIZATION PAYOFF] ¿Hasta qué punto está de acuerdo con las siguientes afirmaciones? - ""Para generar interés en redes sociales debo ofrecer una opinión política extrema"""
"Q176_3","[POLARIZATION PAYOFF] ¿Hasta qué punto está de acuerdo con las siguientes afirmaciones? - ""Con opiniones políticas moderadas no genero seguidores"""
"Q169_1","[SELF-PROMOTION] ¿Hasta qué punto está de acuerdo con las siguientes afirmaciones? - ""Quiero que la gente sea consciente de mis logros en las redes sociales"""
"Q169_2","[SELF-PROMOTION] ¿Hasta qué punto está de acuerdo con las siguientes afirmaciones? - ""Quiero mostrar mis logros en las redes sociales"""
"Q169_3","[SELF-PROMOTION] ¿Hasta qué punto está de acuerdo con las siguientes afirmaciones? - ""Quiero hacer que las cosas en mi vida parezcan mejores de lo que son en las redes sociales"""
"Q153_1","[EXPRESSION IMPULSIVENESS] ¿Con qué frecuencia durante el último mes ha realizado las siguientes actividades en redes sociales? - Expresar su opinión política por impulso"
"Q153_2","[EXPRESSION IMPULSIVENESS] ¿Con qué frecuencia durante el último mes ha realizado las siguientes actividades en redes sociales? - Expresar su opinión política en el calor del momento"
"Q153_3","[EXPRESSION IMPULSIVENESS] ¿Con qué frecuencia durante el último mes ha realizado las siguientes actividades en redes sociales? - Expresarse políticamente sin pensar"
"Q152_1","[POLITICAL REGRET] ¿Con qué frecuencia durante el último mes le ha sucedido lo siguiente en las redes sociales? - Considerar que las cosas hubieran ido mejor si no hubiera expresado su opinión política"
"Q152_2","[POLITICAL REGRET] ¿Con qué frecuencia durante el último mes le ha sucedido lo siguiente en las redes sociales? - Desear haberse expresado políticamente de modo diferente"
"Q152_3","[POLITICAL REGRET] ¿Con qué frecuencia durante el último mes le ha sucedido lo siguiente en las redes sociales? - Desear haberse expresado políticamente de otra manera"
"Q152_4","[POLITICAL REGRET] ¿Con qué frecuencia durante el último mes le ha sucedido lo siguiente en las redes sociales? - Pensar que habría sido mejor si se hubiera expresado políticamente de otra manera"
"Q55_1","[DISCUSSION FREQUENCY IN SOCIAL MEDIA] ¿Con qué frecuencia durante el último mes ha hablado de política o temas de actualidad en redes sociales con las siguientes personas? - Pareja o familia cercana"
"Q55_2","[DISCUSSION FREQUENCY IN SOCIAL MEDIA] ¿Con qué frecuencia durante el último mes ha hablado de política o temas de actualidad en redes sociales con las siguientes personas? - Parientes o amigos"
"Q55_3","[DISCUSSION FREQUENCY IN SOCIAL MEDIA] ¿Con qué frecuencia durante el último mes ha hablado de política o temas de actualidad en redes sociales con las siguientes personas? - Conocidos"
"Q55_4","[DISCUSSION FREQUENCY IN SOCIAL MEDIA] ¿Con qué frecuencia durante el último mes ha hablado de política o temas de actualidad en redes sociales con las siguientes personas? - Desconocidos"
"Q56_1","[CROSS-CUTTING DISCUSSION IN SOCIAL MEDIA] ¿Con qué frecuencia durante el último mes ha realizado las siguientes actividades en redes sociales? - Debatir sobre política con otras personas con una ideología diferente a la suya"
"Q56_2","[CROSS-CUTTING DISCUSSION IN SOCIAL MEDIA] ¿Con qué frecuencia durante el último mes ha realizado las siguientes actividades en redes sociales? - Mantener una conversación sobre política o cuestiones sociales que implican un desacuerdo"
"Q171_1","[TROLLING] ¿Hasta qué punto está de acuerdo con las siguientes afirmaciones? - ""En las redes sociales, disfruto de opinar y debatir con la intención de irritar a otros"""
"Q171_2","[TROLLING] ¿Hasta qué punto está de acuerdo con las siguientes afirmaciones? - ""Me divierte molestar en espacios de debate en las redes sociales"""
"Q171_3","[TROLLING] ¿Hasta qué punto está de acuerdo con las siguientes afirmaciones? - ""Me gusta publicar memes y comentarios en las redes sociales con la intención de agraviar o molestar a otros"""
"Q172_1","[INFORMAL SOCIAL CONTROL] Cuando en las redes sociales las personas están siendo malas u ofensivas: - ¿Con qué frecuencia le dice a la persona que está siendo ofensiva que se detenga?"
"Q172_2","[INFORMAL SOCIAL CONTROL] Cuando en las redes sociales las personas están siendo malas u ofensivas: - ¿Con qué frecuencia defiende a la persona o grupo que está siendo atacado?"
"Q173_1","[VICTIM BLAMING] ¿Hasta qué punto está de acuerdo con las siguientes afirmaciones? - ""En general, quien se expone en las redes sociales debe tolerar las consecuencias"""
"Q173_2","[VICTIM BLAMING] ¿Hasta qué punto está de acuerdo con las siguientes afirmaciones? - ""Los que se muestran en las redes sociales saben a lo que se exponen"""
"Q173_3","[VICTIM BLAMING] ¿Hasta qué punto está de acuerdo con las siguientes afirmaciones? - ""En general, la gente es agredida en las redes sociales porque no se protege lo suficiente"""
"Q173_4","[VICTIM BLAMING] ¿Hasta qué punto está de acuerdo con las siguientes afirmaciones? - ""En general, quienes son agredidos en las redes sociales provocaron los incidentes"""
"Q174_1","[INSULTING OTHERS] ¿Con qué frecuencia durante el último mes ha realizado las siguientes actividades en redes sociales? - Publicar mensajes irrespetuosos sobre un usuario"
"Q174_2","[INSULTING OTHERS] ¿Con qué frecuencia durante el último mes ha realizado las siguientes actividades en redes sociales? - Fastidiar a un usuario"
"Q174_3","[INSULTING OTHERS] ¿Con qué frecuencia durante el último mes ha realizado las siguientes actividades en redes sociales? - Ser cruel con un usuario"
"Q174_4","[INSULTING OTHERS] ¿Con qué frecuencia durante el último mes ha realizado las siguientes actividades en redes sociales? - Insultar a un usuario"
"Q174_5","[INSULTING OTHERS] ¿Con qué frecuencia durante el último mes ha realizado las siguientes actividades en redes sociales? - Reírse de un usuario"
"Q174_6","[INSULTING OTHERS] ¿Con qué frecuencia durante el último mes ha realizado las siguientes actividades en redes sociales? - Maldecir a un usuario"
"Q154_1","[POLITICAL TOLERANCE] ¿Hasta qué punto está de acuerdo con las siguientes afirmaciones? - ""Respeto la ideología política de los demás, incluso si difiere de la mía"""
"Q154_2","[POLITICAL TOLERANCE] ¿Hasta qué punto está de acuerdo con las siguientes afirmaciones? - ""No juzgo las opiniones políticas de los demás, incluso si mis propias opiniones son diferentes a las de ellos"""
"Q154_3","(R)[POLITICAL TOLERANCE] ¿Hasta qué punto está de acuerdo con las siguientes afirmaciones? - ""Me cuesta respetar a las personas con ideologías políticas diferentes a la mía"""
"Q154_3_RC","""[POLITICAL TOLERANCE] ¿Hasta qué punto está de acuerdo con las siguientes afirmaciones? - ""Me cuesta respetar a las personas con ideologías políticas diferentes a la mía"" REVERSE CODED"
"Q154_4","(R)[POLITICAL TOLERANCE] ¿Hasta qué punto está de acuerdo con las siguientes afirmaciones? - ""Me cuesta tolerar las opiniones políticas de los demás si se oponen a las mías"""
"Q154_4_RC","""[POLITICAL TOLERANCE] ¿Hasta qué punto está de acuerdo con las siguientes afirmaciones? - ""Me cuesta tolerar las opiniones políticas de los demás si se oponen a las mías"""" REVERSE CODED"
"Q57_1","[SOCIAL MEDIA POLITICAL PERSUASION] ¿Hasta qué punto está de acuerdo con las siguientes afirmaciones? - ""He cambiado una opinión basándome en lo que alguien influyente para mí publicó en las redes sociales"""
"Q57_2","[SOCIAL MEDIA POLITICAL PERSUASION] ¿Hasta qué punto está de acuerdo con las siguientes afirmaciones? - ""He cambiado una opinión sobre cuestiones políticas debido a información o interacciones en las redes sociales"""
"Q57_3","[SOCIAL MEDIA POLITICAL PERSUASION] ¿Hasta qué punto está de acuerdo con las siguientes afirmaciones? - ""He reconsiderado opiniones políticas debido a información o interacciones en las redes sociales"""
"Q58_1","[UNFRIENDING] ¿Con qué frecuencia durante el último mes ha realizado las siguientes actividades en redes sociales? - Ocultar/dejar de seguir los comentarios/publicaciones de alguien"
"Q58_2","[UNFRIENDING] ¿Con qué frecuencia durante el último mes ha realizado las siguientes actividades en redes sociales? - Bloquear/eliminar a un usuario debido a diferencias en opiniones políticas"
"Q135_1","[CONFLICT AVOIDANCE] ¿Hasta qué punto está de acuerdo con las siguientes afirmaciones?  ""Intento evitar las conversaciones sobre política porque... - ...pueden irritar a la gente"""
"Q135_2","[CONFLICT AVOIDANCE] ¿Hasta qué punto está de acuerdo con las siguientes afirmaciones?  ""Intento evitar las conversaciones sobre política porque... - ...provocan conflictos"""
"Q155_1","[CULTURE OF IMPUNITY] ¿Hasta qué punto está de acuerdo con las siguientes afirmaciones? - ""Si incurro en un delito en redes sociales no tendré responsabilidad penal"""
"Q155_2","[CULTURE OF IMPUNITY] ¿Hasta qué punto está de acuerdo con las siguientes afirmaciones? - ""Los delitos que perpetre en redes sociales no serán perseguidos judicialmente"""
"Q155_3","(R)[CULTURE OF IMPUNITY] ¿Hasta qué punto está de acuerdo con las siguientes afirmaciones? - ""Si mis acciones en redes sociales vulneran la ley, serán castigadas""</strong"
"Q155_3_RC","[CULTURE OF IMPUNITY] ¿Hasta qué punto está de acuerdo con las siguientes afirmaciones? - ""Si mis acciones en redes sociales vulneran la ley, serán castigadas"""" REVERSE CODED"
"Q136_1","[CONCERNS ABOUT SOCIAL THREATS] ¿Hasta qué punto está de acuerdo con las siguientes afirmaciones? - ""A menudo me preocupa que alguien pueda avergonzarme intencionadamente en redes sociales"""
"Q136_2","[CONCERNS ABOUT SOCIAL THREATS] ¿Hasta qué punto está de acuerdo con las siguientes afirmaciones? - ""A menudo me preocupa que otros usuarios puedan escribir intencionadamente algo indeseable sobre mí en redes sociales"""
"Q136_3","[CONCERNS ABOUT SOCIAL THREATS] ¿Hasta qué punto está de acuerdo con las siguientes afirmaciones? - ""A menudo me preocupa que otros usuarios puedan aprovecharse de la información que saben sobre mí a través de redes sociales"""
"Q62_1","[FEAR OF INTERNET SURVILLIANCE] ¿Hasta qué punto está de acuerdo con las siguientes afirmaciones? - ""Me preocupa que los gobiernos comprueben lo que hago en Internet"""
"Q62_2","[FEAR OF INTERNET SURVILLIANCE] ¿Hasta qué punto está de acuerdo con las siguientes afirmaciones? - ""Me preocupa que las empresas comprueben lo que hago en Internet"""
"Q65_1","[RESPONSE EFFICACY] ¿Hasta qué punto está de acuerdo con las siguientes afirmaciones? - ""Creo que seguir las instrucciones disponibles para proteger mi privacidad online es realmente eficaz para protegerla"""
"Q65_2","[RESPONSE EFFICACY] ¿Hasta qué punto está de acuerdo con las siguientes afirmaciones? - ""Cada individuo puede marcar la diferencia cuando se trata de proteger su privacidad online"""
"Q65_3","(R)[RESPONSE EFFICACY] ¿Hasta qué punto está de acuerdo con las siguientes afirmaciones? - ""No hay mucho que un individuo pueda hacer para proteger sus datos personales online"""
"Q65_3_RC","[RESPONSE EFFICACY] ¿Hasta qué punto está de acuerdo con las siguientes afirmaciones? - ""No hay mucho que un individuo pueda hacer para proteger sus datos personales online"""" REVERSE CODED"
"Q65_4","(R)[RESPONSE EFFICACY] ¿Hasta qué punto está de acuerdo con las siguientes afirmaciones? - ""Al final, todos los esfuerzos de una persona para proteger su privacidad online son inútiles"""
"Q65_4_RC","[RESPONSE EFFICACY] ¿Hasta qué punto está de acuerdo con las siguientes afirmaciones? - ""Al final, todos los esfuerzos de una persona para proteger su privacidad online son inútiles"""" REVERSE CODED"
"Q67_1","[PRIVACY CINISM] ¿Hasta qué punto está de acuerdo con las siguientes afirmaciones? - ""Estoy menos interesado/a en las cuestiones sobre privacidad online"""
"Q67_2","[PRIVACY CINISM] ¿Hasta qué punto está de acuerdo con las siguientes afirmaciones? - ""A menudo cuestiono la importancia de las cuestiones de privacidad online"""
"Q67_2_RC","[PRIVACY CINISM] ¿Hasta qué punto está de acuerdo con las siguientes afirmaciones? - ""A menudo cuestiono la importancia de las cuestiones de privacidad online"" REVERSE CODED"
"Q67_3","[PRIVACY CINISM] ¿Hasta qué punto está de acuerdo con las siguientes afirmaciones? - ""Me preocupo menos sobre la protección de la información proporcionada a los vendedores"""
"Q73_1","[DISINFORMATION CONCERNS] ¿Hasta qué punto está de acuerdo con las siguientes afirmaciones? - ""La desinformación es una amenaza muy seria para España"""
"Q73_2","[DISINFORMATION CONCERNS] ¿Hasta qué punto está de acuerdo con las siguientes afirmaciones? - ""Otros/as han estado expuestos/as a desinformación y se la han creído"""
"Q73_3","[DISINFORMATION CONCERNS] ¿Hasta qué punto está de acuerdo con las siguientes afirmaciones? - ""La desinformación puede cambiar las actitudes de las personas"""
"Q73_4","[DISINFORMATION CONCERNS] ¿Hasta qué punto está de acuerdo con las siguientes afirmaciones? - ""Las redes sociales son las principales fuentes de desinformación"""
"Q178_1","[FAKE NEWS & DEMOCRACY] ¿Hasta qué punto está de acuerdo con las siguientes afirmaciones? - ""El uso de noticias falsas para difamar a ideologías políticas diferentes a la mía es aceptable"""
"Q178_2","[FAKE NEWS & DEMOCRACY] ¿Hasta qué punto está de acuerdo con las siguientes afirmaciones? - ""La creación de noticias falsas para perjudicar a partidos políticos con una ideología diferente a la mía es correcto"""
"Q178_3","[FAKE NEWS & DEMOCRACY] ¿Hasta qué punto está de acuerdo con las siguientes afirmaciones? - ""Que circulen noticias falsas que desprestigien a políticos con una ideología diferente a la mía no me preocupa"""
"Q74_1","[COGNITIVE ELABORATION OF DISINFORMATION] ¿Hasta qué punto está de acuerdo con las siguientes afirmaciones? - ""He pensado en las posibles consecuencias causadas por la desinformación en las redes sociales"""
"Q74_2","[COGNITIVE ELABORATION OF DISINFORMATION] ¿Hasta qué punto está de acuerdo con las siguientes afirmaciones? - ""A menudo pienso en el problema de la desinformación en las redes sociales"""
"Q74_3","[COGNITIVE ELABORATION OF DISINFORMATION] ¿Hasta qué punto está de acuerdo con las siguientes afirmaciones? - ""A menudo recuerdo la desinformación que me he encontrado en las redes sociales y reflexiono sobre cuestiones relacionadas con el tema"""
"Q75_1","[SUPPPORT FOR FAKE NEWS CENSORSHIP] ¿Hasta qué punto está de acuerdo con las siguientes afirmaciones? - ""Las noticias falsas deben ser prohibidas por el gobierno"""
"Q75_2","[SUPPPORT FOR FAKE NEWS CENSORSHIP] ¿Hasta qué punto está de acuerdo con las siguientes afirmaciones? - ""Apoyo la legislación para prohibir las noticias falsas"""
"Q75_3","[SUPPPORT FOR FAKE NEWS CENSORSHIP] ¿Hasta qué punto está de acuerdo con las siguientes afirmaciones? - ""Las noticias falsas deberían ser reguladas por el gobierno"""
"Q76_1","[DISINFORMATION IDENTIFICATION] ¿Hasta qué punto está de acuerdo con las siguientes afirmaciones? - ""En general, soy capaz de distinguir la información falsa de las noticias reales"""
"Q76_2","[DISINFORMATION IDENTIFICATION] ¿Hasta qué punto está de acuerdo con las siguientes afirmaciones? - ""La mayoría de las veces, cuando veo desinformación, soy capaz de detectarla fácilmente"""
"Q76_3","[DISINFORMATION IDENTIFICATION] ¿Hasta qué punto está de acuerdo con las siguientes afirmaciones? - ""Es muy poco probable que información falsa pueda engañarme"""
"Q77_1","[FAKE NEWS EXPOSURE] ¿Con qué frecuencia durante el último mes cree que ha encontrado en las redes sociales los siguientes tipos de información? - Información totalmente inventada que imita el contenido de los medios de comunicación y que puede inducir a"
"Q77_2","[FAKE NEWS EXPOSURE] ¿Con qué frecuencia durante el último mes cree que ha encontrado en las redes sociales los siguientes tipos de información? - Información manipulada que imita el contenido de los medios de comunicación y que puede inducir a error a lo"
"Q77_3","[FAKE NEWS EXPOSURE] ¿Con qué frecuencia durante el último mes cree que ha encontrado en las redes sociales los siguientes tipos de información? - Información que podría ser considerada una noticia falsa y que podría inducir a error a los lectores"
"Q78_1","[FAKE NEWS THIRD PERSON EFFECT] ¿Hasta qué punto está de acuerdo con las siguientes afirmaciones? - ""Sé identificar noticias o información que tergiversan la realidad o que incluso son falsas"""
"Q78_2","[FAKE NEWS THIRD PERSON EFFECT] ¿Hasta qué punto está de acuerdo con las siguientes afirmaciones? - ""Mis familiares y amigos son capaces de identificar noticias o información que tergiversan la realidad o que incluso son falsas"""
"Q78_3","[FAKE NEWS THIRD PERSON EFFECT] ¿Hasta qué punto está de acuerdo con las siguientes afirmaciones? - ""La gente en general es capaz de identificar noticias o información que tergiversan la realidad o que incluso son falsas"""
"FAKE_NEWS_THIRD_PERSON_EFFECT_close_others","FAKE_NEWS_THIRD_PERSON_EFFECT self-close others"
"FAKE_NEWS_THIRD_PERSON_EFFECT_distant_others","FAKE_NEWS_THIRD_PERSON_EFFECT self-distant others"
"Q81_1","[FAKE NEWS SHARING] ¿Hasta qué punto está de acuerdo con las siguientes afirmaciones? - ""He compartido información y luego he descubierto que era un bulo"""
"Q81_2","[FAKE NEWS SHARING] ¿Hasta qué punto está de acuerdo con las siguientes afirmaciones? - ""He compartido contenido en las redes sociales que parecía verdad en un momento dado y luego he descubierto que era inventado"""
"Q81_3","[FAKE NEWS SHARING] ¿Hasta qué punto está de acuerdo con las siguientes afirmaciones? - ""He compartido contenido en las redes sociales que era exagerado, pero no era consciente de que era exagerado en el momento de compartirlo"""
"Q81_4","[FAKE NEWS SHARING] ¿Hasta qué punto está de acuerdo con las siguientes afirmaciones? - ""He compartido contenido en las redes sociales sin comprobar los hechos a través de fuentes de confianza"""
"Q177_1","[FAKE NEWS WHATSAPP] ¿Hasta qué punto está de acuerdo con las siguientes afirmaciones? - ""He compartido noticias que sabía que eran falsas a contactos de WhatsApp"""
"Q177_2","[FAKE NEWS WHATSAPP] ¿Hasta qué punto está de acuerdo con las siguientes afirmaciones? - ""He compartido noticias que sabía que eran falsas a grupos de WhatsApp"""
"Q177_3","[FAKE NEWS WHATSAPP] ¿Hasta qué punto está de acuerdo con las siguientes afirmaciones? - ""He compartido masivamente noticias que sabía que eran falsas en WhatsApp"""
"Q82_1","[FAKE NEWS ALTRUISM] ¿Hasta qué punto está de acuerdo con las siguientes afirmaciones? - ""He compartido noticias falsas porque pensaba que estaba informando a los demás"""
"Q82_2","[FAKE NEWS ALTRUISM] ¿Hasta qué punto está de acuerdo con las siguientes afirmaciones? - ""He compartido noticias falsas pensando que estaba ayudando a los demás"""
"Q82_3","[FAKE NEWS ALTRUISM] ¿Hasta qué punto está de acuerdo con las siguientes afirmaciones? - ""He compartido noticias falsas pensando que estaba motivando/inspirando a otros"""
"Q83_1","[SHARING FAKE NEWS DUE TO LACK OF TIME] ¿Hasta qué punto está de acuerdo con las siguientes afirmaciones? - ""A menudo comparto noticias falsas porque no tengo tiempo para comprobar su autenticidad"""
"Q83_2","[SHARING FAKE NEWS DUE TO LACK OF TIME] ¿Hasta qué punto está de acuerdo con las siguientes afirmaciones? - ""Comprobar con fuentes confiables las noticias lleva demasiado tiempo y a menudo comparto noticias que resultan ser falsas"""
"Q84_1","[AUTHENTICATING NEWS BEFORE SHARING] ¿Hasta qué punto está de acuerdo con las siguientes afirmaciones? - ""Me apoyo en los noticiarios para comprobar la autenticidad de cualquier mensaje antes de compartirlo"""
"Q84_2","[AUTHENTICATING NEWS BEFORE SHARING] ¿Hasta qué punto está de acuerdo con las siguientes afirmaciones? - ""Pido a mis amigos que comprueben la autenticidad de cualquier mensaje antes de compartirlo"""
"Q84_3","[AUTHENTICATING NEWS BEFORE SHARING] ¿Hasta qué punto está de acuerdo con las siguientes afirmaciones? - ""Pido a mi familia que compruebe la autenticidad de cualquier mensaje antes de compartirlo"""
"Q156","[FACT CHECKING KNOWLEDGE] ¿Sabe lo que es una organización dedicada al fact-checking?"
"Q157_1","[FACT-CHECKING CONCERNS] ¿Hasta qué punto está de acuerdo con las siguientes afirmaciones? - ""Me preocupa que las organizaciones dedicadas al fact-checking determinen lo que es verdad de lo que es mentira"""
"Q157_2","[FACT-CHECKING CONCERNS] ¿Hasta qué punto está de acuerdo con las siguientes afirmaciones? - ""Me preocupa que la comprobación de la veracidad de los hechos esté en manos de organizaciones dedicadas al fact-checking"""
"Q157_3","[FACT-CHECKING CONCERNS] ¿Hasta qué punto está de acuerdo con las siguientes afirmaciones? - ""Me preocupa que el contenido de las organizaciones de fact-checking no sea supervisado"""
"Q158_1","[FACT-CHECKING BIAS] ¿Hasta qué punto está de acuerdo con las siguientes afirmaciones? - ""Las organizaciones de fact-checking tienen intereses políticos ocultos"""
"Q158_2","[FACT-CHECKING BIAS] ¿Hasta qué punto está de acuerdo con las siguientes afirmaciones? - ""Los dueños de las organizaciones de fact-checking pueden influir en la comprobación de los hechos"""
"Q158_3","[FACT-CHECKING BIAS] ¿Hasta qué punto está de acuerdo con las siguientes afirmaciones? - ""Las organizaciones de fact-checking están sesgadas"""
"Q85_1","[FACT-CHECKING PRACTICES] ¿Hasta qué punto está de acuerdo con las siguientes afirmaciones? - ""Cuando tengo dudas, consulto sitios especializados en detectar información incorrecta"""
"Q85_2","[FACT-CHECKING PRACTICES] ¿Hasta qué punto está de acuerdo con las siguientes afirmaciones? - ""Busco la fuente de la información, en los casos en que la fuente no se menciona"""
"Q85_3","[FACT-CHECKING PRACTICES] ¿Hasta qué punto está de acuerdo con las siguientes afirmaciones? - ""Verifico lo que otras personas dicen en Internet sobre esa información"""
"Q85_4","[FACT-CHECKING PRACTICES] ¿Hasta qué punto está de acuerdo con las siguientes afirmaciones? - ""Confío en mis conocimientos sobre el tema en general, y en mi intuición"""
"Q85_5","[FACT-CHECKING PRACTICES] ¿Hasta qué punto está de acuerdo con las siguientes afirmaciones? - ""Me fío de la reputación de los periodistas"""
"Q85_6","[FACT-CHECKING PRACTICES] ¿Hasta qué punto está de acuerdo con las siguientes afirmaciones? - ""Me fío de la reputación de la fuente (marca)"""
"Q85_7","[FACT-CHECKING PRACTICES] ¿Hasta qué punto está de acuerdo con las siguientes afirmaciones? - ""Consulto mis impresiones sobre la vericidad de la información con amigos o familiares"""
"Q86_1","[INTENTION TO CORRECT MISINFORMATION] ¿Cómo de probable es que hiciese algunas de las siguientes acciones al encontrarse noticias falsas en las redes sociales? - Publicar un comentario diciendo que la información es errónea"
"Q86_2","[INTENTION TO CORRECT MISINFORMATION] ¿Cómo de probable es que hiciese algunas de las siguientes acciones al encontrarse noticias falsas en las redes sociales? - Enviar un mensaje a la persona que publicó la información para decirle que la publicación es"
"Q86_3","[INTENTION TO CORRECT MISINFORMATION] ¿Cómo de probable es que hiciese algunas de las siguientes acciones al encontrarse noticias falsas en las redes sociales? - Publicar una corrección sobre la información errónea en la propia cuenta de las redes sociale"
"Q95_1","¿En qué medida las siguientes afirmaciones describen su personalidad? - ""Soy reservado/a"""
"Q95_2","¿En qué medida las siguientes afirmaciones describen su personalidad? - ""Soy generalmente confiado/a"""
"Q95_3","¿En qué medida las siguientes afirmaciones describen su personalidad? - ""Tiendo a ser perezoso/a"""
"Q95_4","¿En qué medida las siguientes afirmaciones describen su personalidad? - ""Soy relajado/a, manejo bien el estrés"""
"Q95_5","¿En qué medida las siguientes afirmaciones describen su personalidad? - ""Tengo pocos intereses artísticos"""
"Q95_6","¿En qué medida las siguientes afirmaciones describen su personalidad? - ""Soy extrovertido/a, sociable"""
"Q95_7","¿En qué medida las siguientes afirmaciones describen su personalidad? - ""Tiendo a encontrar defectos en los demás"""
"Q95_8","¿En qué medida las siguientes afirmaciones describen su personalidad? - ""Realizo trabajos de manera minuciosa"""
"Q95_9","¿En qué medida las siguientes afirmaciones describen su personalidad? - ""Me pongo nervioso/a con facilidad"""
"Q95_10","¿En qué medida las siguientes afirmaciones describen su personalidad? - ""Tengo una imaginación activa"""
"Q98_1","[NEED TO BELONG] ¿Hasta qué punto está de acuerdo con las siguientes afirmaciones? - ""Quiero que los demás me acepten"""
"Q98_2","[NEED TO BELONG] ¿Hasta qué punto está de acuerdo con las siguientes afirmaciones? - ""Me molesta mucho que los demás no me incluyan en sus planes"""
"Q98_3","[NEED TO BELONG] ¿Hasta qué punto está de acuerdo con las siguientes afirmaciones? - ""Me esfuerzo por no hacer cosas que hagan que los demás me eviten o me rechacen"""
"Q98_4","[NEED TO BELONG] ¿Hasta qué punto está de acuerdo con las siguientes afirmaciones? - ""No me gusta estar solo/a"""
"Q100_1","[OPINION LEADERSHIP] ¿Hasta qué punto está de acuerdo con las siguientes afirmaciones? - ""Tengo más confianza en mí mismo/a que la mayoría de mis amigos"""
"Q100_2","[OPINION LEADERSHIP] ¿Hasta qué punto está de acuerdo con las siguientes afirmaciones? - ""Soy el tipo de persona que sabe lo que quiere conseguir en su vida y cómo lograrlo"""
"Q100_3","[OPINION LEADERSHIP] ¿Hasta qué punto está de acuerdo con las siguientes afirmaciones? - ""Me gusta que me consideren un/a líder"""
"Q100_4","[OPINION LEADERSHIP] ¿Hasta qué punto está de acuerdo con las siguientes afirmaciones? - ""Soy influyente en mi red social online y offline"""
"opp","opp"
"isNew","isNew"
"Q_TotalDuration","Q_TotalDuration"
"rid","rid"
"RISN","RISN"
"V","V"
"PID","PID"
"psid","psid"
"K2","K2"
"med","med"
"Wave","Wave"
"basic","basic"
"pid.0","pid"
"gc","gc"
"term","term"
"Age","Age"
"Region.0","Region"
"ISCED","ISCED"
"LS","LS"
